{"cameraMode":{"drawMode":0,"name":"Shaded","section":"Shading Mode"},"sceneLighting":true,"audioPlay":false,"sceneViewState":{"showFog":true,"showMaterialUpdate":false,"showSkybox":true,"showFlares":true,"showImageEffects":true,"showParticleSystems":true},"in2DMode":false,"pivot":{"x":-6.334941864013672,"y":1.1626331806182862,"z":1.005380392074585},"rotation":{"x":0.14489907026290894,"y":0.17999382317066194,"z":-0.02681746706366539,"w":0.9725699424743652},"size":1.6205546855926514,"orthographic":false}